{
  "accuracy": [
    0.7271186709403992,
    0.8203389644622803,
    0.8457627296447754,
    0.8593220114707947,
    0.8949152827262878,
    0.8898305296897888,
    0.8813559412956238,
    0.9067796468734741,
    0.9288135766983032,
    0.9305084943771362,
    0.9372881650924683,
    0.9406779408454895,
    0.9389830231666565,
    0.9457626938819885,
    0.9525423645973206,
    0.9406779408454895,
    0.9593220353126526
  ],
  "loss": [
    0.8810533285140991,
    0.579500138759613,
    0.4192126393318176,
    0.3555004298686981,
    0.31907424330711365,
    0.3200392425060272,
    0.3346341848373413,
    0.2798919975757599,
    0.23334816098213196,
    0.20174159109592438,
    0.183802530169487,
    0.17402733862400055,
    0.18731528520584106,
    0.1774158775806427,
    0.129256471991539,
    0.17668190598487854,
    0.15008233487606049
  ],
  "val_accuracy": [
    0.8380952477455139,
    0.8095238208770752,
    0.8380952477455139,
    0.8666666746139526,
    0.8571428656578064,
    0.8190476298332214,
    0.8476190567016602,
    0.8761904835700989,
    0.8476190567016602,
    0.8761904835700989,
    0.8666666746139526,
    0.9142857193946838,
    0.8761904835700989,
    0.8476190567016602,
    0.8761904835700989,
    0.8761904835700989,
    0.9047619104385376
  ],
  "val_loss": [
    0.3640197515487671,
    0.3466007113456726,
    0.3381757438182831,
    0.30651769042015076,
    0.3296182453632355,
    0.33680057525634766,
    0.3552250564098358,
    0.2934763729572296,
    0.399507999420166,
    0.31653523445129395,
    0.3003436028957367,
    0.25774940848350525,
    0.27731460332870483,
    0.5247083306312561,
    0.5007559657096863,
    0.4831189513206482,
    0.3522607386112213
  ]
}